{
  "mods": [
    {
      "name": "base",
      "enabled": true
    },
    {
      "name": "FARL",
      "enabled": true
    },
    {
      "name": "arumbalights",
      "enabled": false
    },
    {
      "name": "arumbalights-fix",
      "enabled": true
    },
    {
      "name": "AutoDeconstruct",
      "enabled": true
    },
    {
      "name": "autofill",
      "enabled": true
    },
    {
      "name": "Bottleneck",
      "enabled": true
    },
    {
      "name": "filtered-deconstruction-planner",
      "enabled": false
    },
    {
      "name": "KBlueprints",
      "enabled": false
    },
    {
      "name": "research-queue",
      "enabled": true
    },
    {
      "name": "UsefulMapColors",
      "enabled": false
    }
  ]
}
